{"tissue_hires_scalef": 0.66313, "tissue_lowres_scalef": 0.198939, "fiducial_diameter_fullres": 40.450969223857854, "spot_diameter_fullres": 25.041076186197717}