{"spot_diameter_fullres": 130.05735457936788, "tissue_hires_scalef": 0.09735203, "fiducial_diameter_fullres": 210.09264970513274, "tissue_lowres_scalef": 0.029205607}