{"tissue_hires_scalef": 0.6648936, "tissue_lowres_scalef": 0.19946809, "fiducial_diameter_fullres": 40.438660632767544, "spot_diameter_fullres": 25.03345658218943}